{
  "n_test": 14390,
  "prior": {
    "acc": 0.4465601111883252,
    "ll": 1.06847854904064
  },
  "elo_only": {
    "acc": 0.48943710910354415,
    "ll": 1.0260260876700456
  },
  "elo_shots_poss": {
    "acc": 0.4966643502432245,
    "ll": 1.0178935186611557
  },
  "transformer": {
    "acc": 0.4956219596942321,
    "ll": 1.0188645566844683,
    "brier": 0.6100178471227766,
    "n": 14390
  }
}